,iteration,redchi,ampA,ampA_stderr,ampB,ampB_stderr,cen,cen_stderr,wid,wid_stderr
0,0,0.07386133421536481,-4.137035449891224,,0.0,,1.1272727272727272,,3.015087789084969,
1,0,0.07386133421536481,0.0,,4.244391621569285,,1.7714285714285714,,1.6844604338625602,
2,0,0.07386133421536481,1.5698635840232265,,-3.3402199323141657,,2.48,,0.4436303507824835,
3,1,0.010479141406818356,-1.5690797799528236,,0.0,,1.1272727272727272,,1.232261656727691,
4,1,0.010479141406818356,0.0,,-4.016966136823959,,1.7714285714285714,,1.232261654328807,
5,1,0.010479141406818356,-8.103420689722894,,1.3811814822642148,,2.48,,0.9773327639175363,
