,iteration,redchi,ampA,ampA_stderr,ampB,ampB_stderr,cen,cen_stderr,wid,wid_stderr
0,0,0.04636272430027702,-0.2424211407073572,,0.0,,1.169811320754717,,2.7725887222397962,
1,0,0.04636272430027702,0.0,,-2.3262254716532764,,1.3000000018120799,,3.1251338896778313,
2,0,0.04636272430027702,-3.6349600133110944,,-1.4456105841298852,,2.5726141078838176,,0.4436141993814781,
