,iteration,redchi,ampA,ampA_stderr,ampB,ampB_stderr,cen,cen_stderr,wid,wid_stderr
0,0,0.008041077342455964,-1.3135099904484075,0.24110520512716543,0.0,0.0,1.1272727272727272,0.0,16.88858310042666,7.308800132234632
1,0,0.008041077342455964,0.0,0.0,-5.602799260083579,2.6730121993044533,1.6505294696066928,0.1147356318373704,1.2688728424169693,0.30473296230318886
2,0,0.008041077342455964,-8.51820815148191,2.5697317595231617,1.3893961108420017,2.0477339960712237,2.48,0.0,0.693147180585937,0.09564082593948779
3,0,0.008041077342455964,13.435042466301027,293455352.15559834,35.4522211797042,237115.99932582327,3.2806496113063073,34426.098730270365,116.89230395846687,4090331.07182042
4,1,0.010834415226627609,-1.2035988133345046,,0.0,,1.1272727272727272,,20.08307310238053,
5,1,0.010834415226627609,0.0,,-3.401136588660047,,1.5406292026373287,,1.63744082393828,
6,1,0.010834415226627609,-6.0234893269320695,,-0.19674571919265468,,2.48,,0.6931471815212256,
7,1,0.010834415226627609,67.72505657201718,,155.61246604357336,,3.654425039056381,,268.07790921582983,
