,B,E_Z,E_Z_std_dev,m*
0,-2,0.010007185205180924,0.11819419438968506,3.6823524309061595
1,-4,0.3749581763228503,0.22015068398914955,0.19655516318223817
2,2,-0.05969868359545121,0.15988331607167086,0.6172662535834197
3,4,-0.43958375006604405,0.2717324625113432,0.16765853042242668
