,B,E_Z,E_Z_std_dev,m*
0,-2,0.010106800639587245,0.11055577243151161,3.646058142523237
1,-4,0.3769490331055432,0.21609173331851328,0.195517056845764
2,2,-0.08636676864333097,0.16394886830014765,0.42666853635575486
3,4,-0.44867696549803016,0.28044491729628734,0.16426064006171012
